timestamp,simple-path,time
2021-06-04 02:36:03.269,/master/welcome,686
2021-06-04 02:36:03.786,/master/welcome,452
2021-06-04 02:36:04.594,/master/sign-in,605
2021-06-04 02:36:06.089,/master/welcome,649
2021-06-04 02:36:12.107,/master/welcome,878
2021-06-04 02:36:13.476,/master/welcome,1205
2021-06-04 02:36:14.426,/master/welcome,669
2021-06-04 02:36:15.878,/anonymous/shout/create,1198
2021-06-04 02:36:19.673,/master/welcome,1922
2021-06-04 02:36:21.381,/anonymous/shout/list,1418
2021-06-04 02:36:46.468,/master/welcome,924
2021-06-04 02:36:47.894,/anonymous/shout/create,1176
2021-06-04 02:37:14.045,/master/welcome,660
2021-06-04 02:37:15.742,/anonymous/shout/list,1395
